Date,Volatility_5,Change/Target,Pos,Neg,Sum,Num,Ave,reg_values,reg_Tree_values
1488187800,1.0186,-2.7,0,0,0,1,0,0.159043,0.4625
1488187860,0.8558,0.25,0,0,0,0,0,0.0159043,0.4939
1488187920,0.8538,-0.57,1,0,1,1,1,0.159043,0.4534
1488187980,0.8059,0.07,0,0,0,0,0,0.0159043,0.4939
1488188040,0.6972,-0.28,0,1,-1,1,-1,0.159043,0.1188
1488188100,0.8549,-0.85,1,1,0,1,0,0.159043,0.1188
1488188160,0.9933,0.78,2,0,2,1,2,0.159043,0.4079
1488188220,0.8755,-0.58,0,0,0,1,0,0.159043,0.4625
1488188280,0.767,-0.12,1,2,-1,4,-1,0.169781342,0.1188
1488188340,0.7314,-0.52,1,0,1,4,0,0.169781342,0.4625
1488188400,0.6009,0.03,1,0,1,1,1,0.159043,0.4534
1488188460,0.6105,-0.57,0,0,0,0,0,0.0159043,0.4939
1488188520,0.5037,-0.13,0,0,0,3,0,0.167552935,0.4625
1488188580,0.4591,0.02,0,0,0,1,0,0.159043,0.4625
1488188640,0.5028,0.56,0,0,0,1,0,0.159043,0.4625
1488188700,0.4785,0.38,4,1,3,3,1,0.167552935,0.1188
1488188760,0.539,0.55,0,0,0,0,0,0.0159043,0.4939
1488188820,0.5493,0.57,0,0,0,0,0,0.0159043,0.4939
1488188880,0.4762,-0.26,1,0,1,2,0,0.164412171,0.4625
1488188940,0.4108,0.07,0,0,0,0,0,0.0159043,0.4939
1488189000,0.3838,-0.1,3,1,2,3,0,0.167552935,0.1188
1488189060,0.4693,0.59,0,0,0,0,0,0.0159043,0.4939
1488189120,0.4229,0.17,0,0,0,0,0,0.0159043,0.4939
1488189180,0.3486,0.04,0,0,0,0,0,0.0159043,0.4939
1488189240,0.3991,0.17,0,0,0,1,0,0.159043,0.4625
1488189300,0.556,-0.71,0,0,0,0,0,0.0159043,0.4939
1488189360,0.4341,0.1,0,0,0,0,0,0.0159043,0.4939
1488189420,0.486,0.37,0,1,-1,1,-1,0.159043,0.1188
1488189480,0.5674,0.69,1,0,1,1,1,0.159043,0.4534
1488189540,0.8683,1.47,0,0,0,0,0,0.0159043,0.4939
1488189600,0.9788,-0.86,0,0,0,0,0,0.0159043,0.4939
1488189660,0.7659,0.29,0,0,0,0,0,0.0159043,0.4939
1488189720,0.6773,0.1,3,1,2,2,1,0.164412171,0.1188
1488189780,1.0982,-1.92,0,0,0,0,0,0.0159043,0.4939
1488189840,1.0854,0.91,0,0,0,0,0,0.0159043,0.4939
1488189900,0.9736,0.53,1,1,0,1,0,0.159043,0.1188
1488189960,0.7457,-0.23,3,2,1,2,0,0.164412171,0.1188
1488190020,0.7705,0.78,0,0,0,1,0,0.159043,0.4625
1488190080,0.6603,-0.38,0,0,0,1,0,0.159043,0.4625
1488190140,0.8068,1.09,5,1,4,5,0,0.171509829,0.1188
1488190200,0.8145,-0.83,0,0,0,0,0,0.0159043,0.4939
1488190260,0.7197,0.15,0,0,0,0,0,0.0159043,0.4939
1488190320,0.6198,-0.31,1,1,0,2,0,0.164412171,0.1188
1488190380,0.6998,-0.69,0,0,0,0,0,0.0159043,0.4939
1488190440,0.6399,0.38,0,0,0,0,0,0.0159043,0.4939
1488190500,0.5499,0.17,1,0,1,1,1,0.159043,0.4534
1488190560,0.6833,-0.88,2,0,2,2,1,0.164412171,0.4534
1488190620,0.5788,0.32,1,0,1,2,0,0.164412171,0.4625
1488190680,0.4992,-0.16,2,0,2,5,0,0.171509829,0.4625
1488190740,0.9262,-1.17,0,0,0,0,0,0.0159043,0.4939
1488190800,0.9608,0.77,0,0,0,0,0,0.0159043,0.4939
1488190860,0.8572,0.5,0,0,0,0,0,0.0159043,0.4939
1488190920,0.7448,0.51,0,0,0,0,0,0.0159043,0.4939
1488190980,0.8399,1.01,1,0,1,1,1,0.159043,0.4534
1488191040,0.75,-0.4,0,1,-1,1,-1,0.159043,0.1188
1488191100,0.7333,0.39,2,0,2,1,2,0.159043,0.4079
1488191160,0.6589,0.49,1,0,1,1,1,0.159043,0.4534
1488191220,0.666,0.56,0,0,0,0,0,0.0159043,0.4939
1488191280,0.5507,-0.02,0,0,0,1,0,0.159043,0.4625
1488191340,0.4938,0.2,0,0,0,0,0,0.0159043,0.4939
1488191400,0.4159,0.1,0,0,0,0,0,0.0159043,0.4939
1488191460,0.394,0.01,0,0,0,2,0,0.164412171,0.4625
1488191520,0.5327,-0.55,2,1,1,2,0,0.164412171,0.1188
1488191580,0.4651,0.33,0,0,0,1,0,0.159043,0.4625
1488191640,0.5,-0.37,2,1,1,1,1,0.159043,0.1188
1488191700,0.4733,-0.1,0,1,-1,1,-1,0.159043,0.1188
1488191760,0.4222,-0.03,0,0,0,1,0,0.159043,0.4625
1488191820,0.4115,-0.27,3,1,2,2,1,0.164412171,0.1188
1488191880,0.631,1.05,2,0,2,5,0,0.171509829,0.4625
1488191940,0.634,-0.08,0,0,0,3,0,0.167552935,0.4625
1488192000,0.6893,0.77,0,0,0,1,0,0.159043,0.4625
1488192060,0.6929,-0.64,0,0,0,1,0,0.159043,0.4625
1488192120,0.5919,0.01,2,0,2,1,2,0.159043,0.4079
1488192180,0.4979,-0.22,2,0,2,1,2,0.159043,0.4079
1488192240,0.5486,-0.11,1,0,1,1,1,0.159043,0.4534
1488192300,0.5591,0.36,0,1,-1,1,-1,0.159043,0.1188
1488192360,0.4828,0.18,0,0,0,0,0,0.0159043,0.4939
1488192420,0.4752,0.46,1,0,1,1,1,0.159043,0.4534
1488192480,0.4968,-0.14,0,1,-1,2,-1,0.164412171,0.1188
1488192540,0.4912,-0.35,3,0,3,3,1,0.167552935,0.4534
1488192600,0.5408,0.64,0,0,0,2,0,0.164412171,0.4625
1488192660,0.5038,-0.43,2,2,0,2,0,0.164412171,0.1188
1488192720,0.4492,0.01,0,1,-1,2,-1,0.164412171,0.1188
1488192780,0.4461,-0.41,0,0,0,1,0,0.159043,0.4625
1488192840,0.3974,0.18,0,0,0,1,0,0.159043,0.4625
1488192900,0.4116,0.31,1,0,1,1,1,0.159043,0.4534
1488192960,0.4477,-0.47,1,0,1,1,1,0.159043,0.4534
1488193020,0.3784,-0.11,0,0,0,0,0,0.0159043,0.4939
1488193080,0.5357,-0.82,0,0,0,0,0,0.0159043,0.4939
1488193140,0.5238,-0.36,0,0,0,0,0,0.0159043,0.4939
1488193200,0.6158,0.8,0,0,0,0,0,0.0159043,0.4939
1488193260,0.5271,0.31,0,0,0,0,0,0.0159043,0.4939
1488193320,0.5014,-0.37,0,0,0,0,0,0.0159043,0.4939
1488193380,0.5676,0.64,0,0,0,1,0,0.159043,0.4625
1488193440,0.6084,-0.44,0,0,0,0,0,0.0159043,0.4939
1488193500,0.5156,-0.13,0,0,0,0,0,0.0159043,0.4939
1488193560,0.4237,-0.04,0,0,0,0,0,0.0159043,0.4939
1488193620,0.3891,-0.26,2,0,2,1,2,0.159043,0.4079
1488193680,0.3694,0.03,0,0,0,0,0,0.0159043,0.4939
1488193740,0.3496,0.13,0,0,0,1,0,0.159043,0.4625
1488193800,0.2965,-0.08,0,0,0,0,0,0.0159043,0.4939
1488193860,0.321,0.03,0,0,0,0,0,0.0159043,0.4939
1488193920,0.3707,-0.45,0,0,0,0,0,0.0159043,0.4939
1488193980,0.4804,-0.54,0,0,0,0,0,0.0159043,0.4939
1488194040,0.4669,0.39,0,0,0,0,0,0.0159043,0.4939
1488194100,0.4247,-0.15,0,0,0,0,0,0.0159043,0.4939
1488194160,0.4965,0.51,0,0,0,0,0,0.0159043,0.4939
1488194220,0.5077,-0.34,0,0,0,1,0,0.159043,0.4625
1488194280,0.525,0.54,0,0,0,3,0,0.167552935,0.4625
1488194340,0.5501,0.53,0,0,0,0,0,0.0159043,0.4939
1488194400,0.43,0.03,0,0,0,0,0,0.0159043,0.4939
1488194460,0.3434,0.07,1,0,1,1,1,0.159043,0.4534
1488194520,0.3623,-0.32,2,1,1,1,1,0.159043,0.1188
1488194580,0.3182,-0.1,0,1,-1,2,-1,0.164412171,0.1188
1488194640,0.2888,-0.13,0,0,0,0,0,0.0159043,0.4939
1488194700,0.4158,-0.3,0,0,0,0,0,0.0159043,0.4939
1488194760,0.4506,-0.33,0,0,0,2,0,0.164412171,0.4625
1488194820,0.6037,-0.84,0,0,0,0,0,0.0159043,0.4939
1488194880,0.6625,0.57,0,0,0,0,0,0.0159043,0.4939
1488194940,0.6016,0.39,0,0,0,0,0,0.0159043,0.4939
1488195000,0.6177,-0.59,0,0,0,0,0,0.0159043,0.4939
1488195060,0.4685,0,0,0,0,0,0,0.0159043,0.4939
1488195120,0.4056,0.03,0,0,0,0,0,0.0159043,0.4939
1488195180,0.3837,0.2,0,0,0,1,0,0.159043,0.4625
1488195240,0.3325,0.05,1,0,1,2,0,0.164412171,0.4625
1488195300,0.2716,-0.05,1,0,1,3,0,0.167552935,0.4625
1488195360,0.3278,-0.23,0,0,0,1,0,0.159043,0.4625
1488195420,0.3552,-0.13,0,0,0,0,0,0.0159043,0.4939
1488195480,0.3102,0.04,0,0,0,0,0,0.0159043,0.4939
1488195540,0.3268,-0.23,2,1,1,4,0,0.169781342,0.1188
1488195600,0.3179,-0.09,0,0,0,0,0,0.0159043,0.4939
1488195660,0.4386,-0.36,0,0,0,3,0,0.167552935,0.4625
1488195720,0.499,0.62,1,0,1,1,1,0.159043,0.4534
1488195780,0.4294,0.27,2,1,1,1,1,0.159043,0.1188
1488195840,0.4063,0.16,0,0,0,0,0,0.0159043,0.4939
1488195900,0.3775,-0.21,0,0,0,0,0,0.0159043,0.4939
1488195960,0.3583,-0.17,0,0,0,1,0,0.159043,0.4625
1488196020,0.3822,-0.43,0,0,0,0,0,0.0159043,0.4939
1488196080,0.4447,-0.43,0,1,-1,1,-1,0.159043,0.1188
1488196140,0.3332,0.09,0,0,0,0,0,0.0159043,0.4939
1488196200,0.2822,0.09,0,0,0,0,0,0.0159043,0.4939
1488196260,0.2614,0.19,0,0,0,0,0,0.0159043,0.4939
1488196320,0.2176,0.11,0,0,0,2,0,0.164412171,0.4625
1488196380,0.2117,-0.16,0,0,0,0,0,0.0159043,0.4939
1488196440,0.3644,-0.4,0,0,0,1,0,0.159043,0.4625
1488196500,0.3462,0.3,0,0,0,1,0,0.159043,0.4625
1488196560,0.3208,-0.2,0,0,0,0,0,0.0159043,0.4939
1488196620,0.2705,0.08,0,0,0,1,0,0.159043,0.4625
1488196680,0.2104,-0.02,0,0,0,0,0,0.0159043,0.4939
1488196740,0.257,-0.34,0,0,0,0,0,0.0159043,0.4939
1488196800,0.4447,0.29,1,0,1,2,0,0.164412171,0.4625
1488196860,0.3965,-0.18,0,0,0,0,0,0.0159043,0.4939
1488196920,0.3543,-0.23,0,0,0,0,0,0.0159043,0.4939
1488196980,0.3462,0.33,0,1,-1,2,-1,0.164412171,0.1188
1488197040,0.3375,-0.12,0,0,0,0,0,0.0159043,0.4939
1488197100,0.365,0.34,1,0,1,1,1,0.159043,0.4534
1488197160,0.3566,0.34,1,0,1,2,0,0.164412171,0.4625
1488197220,0.3844,0.41,0,0,0,1,0,0.159043,0.4625
1488197280,0.3729,0.07,0,0,0,0,0,0.0159043,0.4939
1488197340,0.3453,-0.29,0,0,0,0,0,0.0159043,0.4939
1488197400,0.3201,0.02,0,0,0,0,0,0.0159043,0.4939
1488197460,0.3168,0.28,0,0,0,0,0,0.0159043,0.4939
1488197520,0.2746,0.17,0,0,0,0,0,0.0159043,0.4939
1488197580,0.253,0.12,0,0,0,1,0,0.159043,0.4625
1488197640,0.302,-0.35,0,0,0,0,0,0.0159043,0.4939
1488197700,0.3046,-0.17,0,0,0,0,0,0.0159043,0.4939
1488197760,0.3231,0.07,0,0,0,0,0,0.0159043,0.4939
1488197820,0.2654,0.05,1,0,1,2,0,0.164412171,0.4625
1488197880,0.2169,0.09,0,0,0,0,0,0.0159043,0.4939
1488197940,0.2179,-0.16,0,0,0,3,0,0.167552935,0.4625
1488198000,0.2719,-0.31,0,1,-1,2,-1,0.164412171,0.1188
1488198060,0.3913,0.63,0,0,0,0,0,0.0159043,0.4939
1488198120,0.3275,0.01,0,0,0,0,0,0.0159043,0.4939
1488198180,0.2383,0.02,0,0,0,0,0,0.0159043,0.4939
1488198240,0.2422,-0.02,0,0,0,0,0,0.0159043,0.4939
1488198300,0.1947,0.05,2,0,2,2,1,0.164412171,0.4534
1488198360,0.2565,-0.33,2,1,1,2,0,0.164412171,0.1188
1488198420,0.321,0.45,0,0,0,2,0,0.164412171,0.4625
1488198480,0.2973,0.07,0,0,0,0,0,0.0159043,0.4939
1488198540,0.2882,-0.06,0,0,0,0,0,0.0159043,0.4939
1488198600,0.2621,0.13,0,0,0,0,0,0.0159043,0.4939
1488198660,0.2648,0.04,0,0,0,0,0,0.0159043,0.4939
1488198720,0.2065,0.02,0,0,0,0,0,0.0159043,0.4939
1488198780,0.1677,0,0,0,0,0,0,0.0159043,0.4939
1488198840,0.1652,0.08,0,0,0,0,0,0.0159043,0.4939
1488198900,0.1835,-0.18,1,1,0,3,0,0.167552935,0.1188
1488198960,0.2056,-0.06,1,0,1,1,1,0.159043,0.4534
1488199020,0.2804,-0.43,0,0,0,0,0,0.0159043,0.4939
1488199080,0.2369,-0.01,0,0,0,0,0,0.0159043,0.4939
1488199140,0.2147,-0.17,0,0,0,1,0,0.159043,0.4625
1488199200,0.2164,0.09,0,0,0,0,0,0.0159043,0.4939
1488199260,0.1842,0.08,0,0,0,0,0,0.0159043,0.4939
1488199320,0.1962,-0.19,0,0,0,0,0,0.0159043,0.4939
1488199380,0.154,-0.07,0,0,0,0,0,0.0159043,0.4939
1488199440,0.2094,-0.3,1,0,1,1,1,0.159043,0.4534
1488199500,0.2396,-0.03,0,0,0,0,0,0.0159043,0.4939
1488199560,0.2231,0.12,0,0,0,1,0,0.159043,0.4625
1488199620,0.2188,0.11,0,0,0,0,0,0.0159043,0.4939
1488199680,0.2225,-0.06,4,1,3,3,1,0.167552935,0.1188
1488199740,0.2083,-0.01,0,0,0,1,0,0.159043,0.4625
1488199800,0.2789,-0.42,0,0,0,0,0,0.0159043,0.4939
1488199860,0.3592,0.52,0,1,-1,2,-1,0.164412171,0.1188
1488199920,0.3295,0.25,0,0,0,1,0,0.159043,0.4625
1488199980,0.293,0.16,0,0,0,0,0,0.0159043,0.4939
1488200040,0.2219,-0.08,0,0,0,0,0,0.0159043,0.4939
1488200100,0.2313,-0.17,0,0,0,2,0,0.164412171,0.4625
1488200160,0.2641,-0.29,0,0,0,0,0,0.0159043,0.4939
1488200220,0.206,0.05,0,0,0,1,0,0.159043,0.4625
1488200280,0.1873,-0.06,2,0,2,2,1,0.164412171,0.4534
1488200340,0.2115,-0.2,0,0,0,0,0,0.0159043,0.4939
1488200400,0.2477,-0.04,1,0,1,2,0,0.164412171,0.4625
1488200460,0.3284,0.49,1,0,1,2,0,0.164412171,0.4625
1488200520,0.2923,-0.11,0,0,0,0,0,0.0159043,0.4939
1488200580,0.2482,0.12,0,0,0,0,0,0.0159043,0.4939
1488200640,0.2355,0.11,0,0,0,0,0,0.0159043,0.4939
1488200700,0.267,-0.32,0,0,0,0,0,0.0159043,0.4939
1488200760,0.218,-0.04,0,0,0,0,0,0.0159043,0.4939
1488200820,0.3487,0.61,0,0,0,1,0,0.159043,0.4625
1488200880,0.2892,0.02,0,0,0,0,0,0.0159043,0.4939
1488200940,0.2461,0.16,0,0,0,0,0,0.0159043,0.4939
1488201000,0.2441,0.18,0,0,0,1,0,0.159043,0.4625
1488201060,0.206,-0.08,0,0,0,0,0,0.0159043,0.4939
1488201120,0.1974,-0.05,0,0,0,0,0,0.0159043,0.4939
1488201180,0.1816,0.08,0,0,0,0,0,0.0159043,0.4939
1488201240,0.2377,0.31,0,0,0,0,0,0.0159043,0.4939
1488201300,0.2051,-0.07,0,0,0,0,0,0.0159043,0.4939
1488201360,0.2234,0.23,0,0,0,0,0,0.0159043,0.4939
1488201420,0.1923,0.09,0,0,0,0,0,0.0159043,0.4939
1488201480,0.4582,-0.88,1,0,1,2,0,0.164412171,0.4625
1488201540,0.4854,0.41,0,0,0,1,0,0.159043,0.4625
1488201600,0.3836,-0.06,0,0,0,0,0,0.0159043,0.4939
1488201660,0.5257,0.76,0,0,0,0,0,0.0159043,0.4939
1488201720,0.3904,0.03,0,0,0,0,0,0.0159043,0.4939
1488201780,0.377,0,0,0,0,0,0,0.0159043,0.4939
1488201840,0.3113,-0.17,0,0,0,1,0,0.159043,0.4625
1488201900,0.3242,0.35,0,0,0,0,0,0.0159043,0.4939
1488201960,0.3661,0.42,0,1,-1,1,-1,0.159043,0.1188
1488202020,0.3874,-0.41,0,0,0,0,0,0.0159043,0.4939
1488202080,0.3483,0.2,0,0,0,0,0,0.0159043,0.4939
1488202140,0.2689,-0.06,1,0,1,1,1,0.159043,0.4534
1488202200,0.2626,0.13,0,0,0,0,0,0.0159043,0.4939
1488202260,0.3484,0.26,0,0,0,0,0,0.0159043,0.4939
1488202320,0.4056,0.38,0,0,0,0,0,0.0159043,0.4939
1488202380,0.3904,-0.32,1,0,1,2,0,0.164412171,0.4625
1488202440,0.3536,-0.01,0,0,0,0,0,0.0159043,0.4939
1488202500,0.3557,0.03,0,0,0,3,0,0.167552935,0.4625
1488202560,0.2904,-0.07,0,0,0,2,0,0.164412171,0.4625
1488202620,0.2803,0.09,0,0,0,0,0,0.0159043,0.4939
1488202680,0.3268,-0.35,0,0,0,0,0,0.0159043,0.4939
1488202740,0.3379,0.24,0,0,0,1,0,0.159043,0.4625
1488202800,0.2686,0,0,0,0,0,0,0.0159043,0.4939
1488202860,0.2924,-0.18,0,0,0,0,0,0.0159043,0.4939
1488202920,0.2616,0.16,0,0,0,0,0,0.0159043,0.4939
1488202980,0.2144,-0.01,0,0,0,0,0,0.0159043,0.4939
1488203040,0.1829,-0.09,2,0,2,2,1,0.164412171,0.4534
1488203100,0.2387,0.31,0,0,0,0,0,0.0159043,0.4939
1488203160,0.2725,0.18,0,0,0,0,0,0.0159043,0.4939
1488203220,0.3783,-0.59,0,0,0,2,0,0.164412171,0.4625
1488203280,0.3122,-0.09,0,0,0,0,0,0.0159043,0.4939
1488203340,0.3547,0.41,0,0,0,0,0,0.0159043,0.4939
1488203400,0.2765,-0.01,0,0,0,1,0,0.159043,0.4625
1488203460,0.2309,-0.1,0,0,0,1,0,0.159043,0.4625
1488203520,0.1939,0.09,0,0,0,0,0,0.0159043,0.4939
1488203580,0.1692,-0.06,0,0,0,0,0,0.0159043,0.4939
1488203640,0.1661,0.08,0,0,0,0,0,0.0159043,0.4939
1488203700,0.2008,0.19,0,0,0,0,0,0.0159043,0.4939
1488203760,0.2105,-0.14,0,0,0,0,0,0.0159043,0.4939
1488203820,0.2237,-0.08,0,0,0,0,0,0.0159043,0.4939
1488203880,0.2192,0.16,0,0,0,0,0,0.0159043,0.4939
1488203940,0.2561,-0.2,0,0,0,0,0,0.0159043,0.4939
1488204000,0.2508,0.24,2,0,2,2,1,0.164412171,0.4534
1488204060,0.2338,-0.07,1,0,1,1,1,0.159043,0.4534
1488204120,0.2325,-0.01,0,0,0,0,0,0.0159043,0.4939
1488204180,0.2851,-0.32,1,0,1,1,1,0.159043,0.4534
1488204240,0.33,-0.39,1,0,1,2,0,0.164412171,0.4625
1488204300,0.32,0.18,0,0,0,0,0,0.0159043,0.4939
1488204360,0.3134,-0.18,0,0,0,0,0,0.0159043,0.4939
1488204420,0.2756,0.18,0,0,0,0,0,0.0159043,0.4939
1488204480,0.2837,-0.07,0,0,0,1,0,0.159043,0.4625
1488204540,0.2658,0.21,0,0,0,1,0,0.159043,0.4625
1488204600,0.2305,-0.1,0,0,0,0,0,0.0159043,0.4939
1488204660,0.2303,0.2,0,0,0,0,0,0.0159043,0.4939
1488204720,0.2069,0.13,0,0,0,0,0,0.0159043,0.4939
1488204780,0.2012,-0.03,0,0,0,0,0,0.0159043,0.4939
1488204840,0.2042,-0.1,1,0,1,1,1,0.159043,0.4534
1488204900,0.2495,-0.25,0,0,0,1,0,0.159043,0.4625
1488204960,0.1964,-0.01,0,0,0,0,0,0.0159043,0.4939
1488205020,0.2476,0.32,0,0,0,1,0,0.159043,0.4625
1488205080,0.1951,-0.06,1,0,1,3,0,0.167552935,0.4625
1488205140,0.1668,-0.03,2,2,0,6,0,0.172922106,0.1188
1488205200,0.1678,-0.15,0,0,0,3,0,0.167552935,0.4625
1488205260,0.1553,-0.04,1,1,0,1,0,0.159043,0.1188
1488205320,0.1668,0.02,0,0,0,0,0,0.0159043,0.4939
1488205380,0.1912,0.2,0,0,0,0,0,0.0159043,0.4939
1488205440,0.1975,0.16,0,0,0,0,0,0.0159043,0.4939
1488205500,0.1783,0.02,0,0,0,0,0,0.0159043,0.4939
1488205560,0.1855,0.13,0,0,0,0,0,0.0159043,0.4939
1488205620,0.5337,1.18,0,0,0,0,0,0.0159043,0.4939
1488205680,0.4391,-0.11,0,0,0,1,0,0.159043,0.4625
1488205740,0.4427,-0.43,0,0,0,0,0,0.0159043,0.4939
1488205800,0.3518,0.05,0,0,0,0,0,0.0159043,0.4939
1488205860,0.4145,0.54,0,0,0,2,0,0.164412171,0.4625
1488205920,0.3363,-0.15,0,0,0,0,0,0.0159043,0.4939
1488205980,0.2742,0.05,0,0,0,0,0,0.0159043,0.4939
1488206040,0.2828,-0.26,0,0,0,0,0,0.0159043,0.4939
1488206100,0.2318,-0.08,0,0,0,1,0,0.159043,0.4625
1488206160,0.2312,0.19,0,0,0,0,0,0.0159043,0.4939
1488206220,0.2341,0.24,0,0,0,0,0,0.0159043,0.4939
1488206280,0.2695,0.33,0,0,0,0,0,0.0159043,0.4939
1488206340,0.3396,-0.34,4,0,4,3,1,0.167552935,0.4534
1488206400,0.343,-0.23,0,0,0,0,0,0.0159043,0.4939
1488206460,0.292,0.11,1,0,1,1,1,0.159043,0.4534
1488206520,0.2313,-0.02,0,0,0,0,0,0.0159043,0.4939
1488206580,0.1841,-0.07,0,0,0,0,0,0.0159043,0.4939
1488206640,0.2161,-0.28,1,0,1,3,0,0.167552935,0.4625
1488206700,0.2241,0.16,3,0,3,3,1,0.167552935,0.4534
1488206760,0.2194,0.13,0,0,0,1,0,0.159043,0.4625
1488206820,0.2763,-0.25,0,0,0,0,0,0.0159043,0.4939
1488206880,0.2241,0.07,0,0,0,0,0,0.0159043,0.4939
1488206940,0.4194,0.8,0,0,0,0,0,0.0159043,0.4939
1488207000,0.3895,-0.29,1,0,1,1,1,0.159043,0.4534
1488207060,0.3463,-0.24,0,1,-1,1,-1,0.159043,0.1188
1488207120,0.2742,0.06,0,1,-1,1,-1,0.159043,0.1188
1488207180,0.2262,0.11,0,0,0,0,0,0.0159043,0.4939
1488207240,0.2375,0.24,0,1,-1,1,-1,0.159043,0.1188
1488207300,0.1817,-0.04,0,0,0,0,0,0.0159043,0.4939
1488207360,0.2411,-0.23,0,0,0,0,0,0.0159043,0.4939
1488207420,0.264,0.12,0,0,0,0,0,0.0159043,0.4939
1488207480,0.2227,0.11,0,0,0,0,0,0.0159043,0.4939
1488207540,0.3051,-0.44,0,0,0,0,0,0.0159043,0.4939
1488207600,0.3101,0.25,1,0,1,1,1,0.159043,0.4534
1488207660,0.2667,0.15,0,0,0,3,0,0.167552935,0.4625
1488207720,0.2278,-0.1,0,0,0,1,0,0.159043,0.4625
1488207780,0.2352,-0.18,1,4,-3,4,-1,0.169781342,0.1188
1488207840,0.2435,-0.07,0,0,0,1,0,0.159043,0.4625
1488207900,0.3423,0.48,0,0,0,0,0,0.0159043,0.4939
1488207960,0.2648,-0.03,0,0,0,0,0,0.0159043,0.4939
1488208020,0.4598,0.76,0,0,0,1,0,0.159043,0.4625
1488208080,0.4099,-0.17,0,0,0,0,0,0.0159043,0.4939
1488208140,0.3899,-0.02,2,0,2,1,2,0.159043,0.4079
1488208200,0.4099,-0.42,0,0,0,0,0,0.0159043,0.4939
1488208260,0.3766,-0.31,0,0,0,0,0,0.0159043,0.4939
1488208320,0.4178,0.49,3,0,3,1,3,0.159043,0.4079
1488208380,0.3019,0.06,2,0,2,1,2,0.159043,0.4079
1488208440,0.3412,0.4,0,0,0,0,0,0.0159043,0.4939
1488208500,0.3075,0.19,0,0,0,0,0,0.0159043,0.4939
1488208560,0.2983,-0.19,0,0,0,0,0,0.0159043,0.4939
1488208620,0.3922,-0.48,0,0,0,0,0,0.0159043,0.4939
1488208680,0.3081,-0.1,0,1,-1,2,-1,0.164412171,0.1188
1488208740,0.3388,-0.34,0,0,0,0,0,0.0159043,0.4939
1488208800,0.3025,-0.21,2,0,2,2,1,0.164412171,0.4534
1488208860,0.395,0.51,0,0,0,0,0,0.0159043,0.4939
1488208920,0.3867,0.32,0,0,0,0,0,0.0159043,0.4939
1488208980,0.3211,-0.1,0,0,0,0,0,0.0159043,0.4939
1488209040,0.2508,-0.03,0,0,0,1,0,0.159043,0.4625
1488209100,0.2439,0.15,0,0,0,0,0,0.0159043,0.4939
1488209160,0.3493,-0.54,0,0,0,0,0,0.0159043,0.4939
1488209220,0.3995,0.46,0,0,0,0,0,0.0159043,0.4939
1488209280,0.3397,-0.19,0,0,0,0,0,0.0159043,0.4939
1488209340,0.4098,0.46,0,0,0,1,0,0.159043,0.4625
1488209400,0.4699,0.49,0,0,0,1,0,0.159043,0.4625
1488209460,0.3999,-0.23,0,0,0,0,0,0.0159043,0.4939
1488209520,0.3167,-0.12,0,0,0,0,0,0.0159043,0.4939
1488209580,0.3978,-0.5,0,0,0,0,0,0.0159043,0.4939
1488209640,0.4153,0.4,0,0,0,0,0,0.0159043,0.4939
1488209700,0.4868,-0.49,0,0,0,0,0,0.0159043,0.4939
1488209760,0.4412,0.28,0,0,0,1,0,0.159043,0.4625
1488209820,0.3674,-0.01,0,0,0,1,0,0.159043,0.4625
1488209880,0.3283,-0.24,0,0,0,0,0,0.0159043,0.4939
1488209940,0.3356,-0.33,2,0,2,2,1,0.164412171,0.4534
1488210000,0.3371,0.32,0,0,0,0,0,0.0159043,0.4939
1488210060,0.2947,0.09,3,1,2,2,1,0.164412171,0.1188
1488210120,0.3565,0.2,1,0,1,1,1,0.159043,0.4534
1488210180,0.3776,-0.4,0,0,0,0,0,0.0159043,0.4939
1488210240,0.3351,-0.15,0,0,0,0,0,0.0159043,0.4939
1488210300,0.4568,-0.56,0,0,0,1,0,0.159043,0.4625
1488210360,0.3445,-0.02,0,0,0,0,0,0.0159043,0.4939
1488210420,0.3064,-0.08,3,0,3,1,3,0.159043,0.4079
1488210480,0.3043,-0.26,0,0,0,0,0,0.0159043,0.4939
1488210540,0.3061,-0.31,0,0,0,1,0,0.159043,0.4625
1488210600,0.3574,0.2,0,0,0,1,0,0.159043,0.4625
1488210660,0.2883,-0.12,0,0,0,0,0,0.0159043,0.4939
1488210720,0.3289,0.35,0,0,0,1,0,0.159043,0.4625
1488210780,0.2959,-0.2,0,0,0,1,0,0.159043,0.4625
1488210840,0.2773,-0.23,0,0,0,0,0,0.0159043,0.4939
1488210900,0.2448,-0.16,0,0,0,1,0,0.159043,0.4625
1488210960,0.2566,0.26,0,0,0,0,0,0.0159043,0.4939
1488211020,0.3611,0.51,0,0,0,0,0,0.0159043,0.4939
1488211080,0.3541,-0.27,0,0,0,1,0,0.159043,0.4625
1488211140,0.3727,0.28,1,0,1,1,1,0.159043,0.4534
1488211200,0.2551,-0.01,1,0,1,1,1,0.159043,0.4534
1488211260,0.1734,0,0,0,0,0,0,0.0159043,0.4939
1488211320,0.119,0,0,0,0,0,0,0.0159043,0.4939
1488211380,0.0793,0,0,0,0,1,0,0.159043,0.4625
1488211440,0.0562,0.01,0,1,-1,2,-1,0.164412171,0.1188
1488211500,0.0375,0,0,0,0,2,0,0.164412171,0.4625
1488211560,0.025,0,0,0,0,1,0,0.159043,0.4625
1488211620,0.0167,0,0,1,-1,1,-1,0.159043,0.1188
1488211680,0.0111,0,0,0,0,0,0,0.0159043,0.4939
1488211740,0.0074,0,3,1,2,6,0,0.172922106,0.1188
1488211800,0.0049,0,0,0,0,1,0,0.159043,0.4625
1488211860,0.0033,0,0,0,0,0,0,0.0159043,0.4939
1488211920,0.0022,0,0,3,-3,2,-2,0.164412171,0.1188
1488211980,0.0015,0,1,2,-1,1,-1,0.159043,0.1188
1488212040,0.001,0,2,0,2,2,1,0.164412171,0.4534
1488274200,1.5307,-4.02,0,0,0,0,0,0.0159043,0.4939
1488274260,1.2937,0.17,1,0,1,1,1,0.159043,0.4534
1488274320,1.1925,-0.63,0,0,0,1,0,0.159043,0.4625
1488274380,0.9984,0.07,0,0,0,0,0,0.0159043,0.4939
1488274440,0.8622,0.48,2,0,2,1,2,0.159043,0.4079
1488274500,0.7281,0.1,0,0,0,1,0,0.159043,0.4625
1488274560,0.6887,-0.29,0,2,-2,2,-1,0.164412171,0.1188
1488274620,0.6358,-0.17,0,0,0,0,0,0.0159043,0.4939
1488274680,0.5306,-0.21,0,0,0,0,0,0.0159043,0.4939
1488274740,0.4338,0.13,0,3,-3,1,-3,0.159043,0.1188
1488274800,0.5158,0.16,0,0,0,0,0,0.0159043,0.4939
1488274860,0.4272,-0.12,0,0,0,0,0,0.0159043,0.4939
1488274920,0.5281,0.73,1,0,1,1,1,0.159043,0.4534
1488274980,0.6054,-0.49,1,0,1,1,1,0.159043,0.4534
1488275040,0.6103,0.41,3,1,2,4,0,0.169781342,0.1188
1488275100,0.5402,0.35,2,0,2,3,0,0.167552935,0.4625
1488275160,0.5667,-0.54,0,0,0,0,0,0.0159043,0.4939
1488275220,0.5578,0.22,2,0,2,1,2,0.159043,0.4079
1488275280,0.4319,0.03,2,0,2,3,0,0.167552935,0.4625
1488275340,0.5679,-0.54,0,0,0,1,0,0.159043,0.4625
1488275400,0.7086,-0.91,1,0,1,9,0,0.176062869,0.4625
1488275460,0.6058,-0.13,0,0,0,0,0,0.0159043,0.4939
1488275520,0.6138,0.44,1,1,0,2,0,0.164412171,0.1188
1488275580,0.5092,-0.21,0,0,0,0,0,0.0159043,0.4939
1488275640,0.4662,-0.2,0,0,0,0,0,0.0159043,0.4939
1488275700,0.5042,0.38,0,0,0,1,0,0.159043,0.4625
1488275760,0.4261,-0.13,2,0,2,2,1,0.164412171,0.4534
1488275820,0.4774,0.48,0,0,0,1,0,0.159043,0.4625
1488275880,0.4183,-0.25,0,0,0,1,0,0.159043,0.4625
1488275940,0.5189,0.42,0,0,0,0,0,0.0159043,0.4939
1488276000,0.4592,0.13,4,1,3,4,0,0.169781342,0.1188
1488276060,0.5661,0.52,6,0,6,3,2,0.167552935,0.4079
1488276120,0.4874,0.16,0,0,0,2,0,0.164412171,0.4625
1488276180,0.4782,0.2,0,0,0,0,0,0.0159043,0.4939
1488276240,0.4188,-0.16,3,0,3,1,3,0.159043,0.4079
1488276300,0.4426,-0.41,0,0,0,0,0,0.0159043,0.4939
1488276360,0.445,0.4,0,0,0,0,0,0.0159043,0.4939
1488276420,0.4067,0.19,0,0,0,0,0,0.0159043,0.4939
1488276480,0.3912,-0.27,3,0,3,2,1,0.164412171,0.4534
1488276540,0.4141,0.44,3,0,3,2,1,0.164412171,0.4534
1488276600,0.4327,0.23,0,0,0,0,0,0.0159043,0.4939
1488276660,0.5651,0.74,1,1,0,2,0,0.164412171,0.1188
1488276720,0.58,-0.51,0,1,-1,2,-1,0.164412171,0.1188
1488276780,0.54,0.18,0,0,0,0,0,0.0159043,0.4939
1488276840,0.4634,0.2,0,0,0,0,0,0.0159043,0.4939
1488276900,0.4722,-0.39,0,0,0,0,0,0.0159043,0.4939
1488276960,0.4848,-0.31,0,0,0,0,0,0.0159043,0.4939
1488277020,0.4032,0.24,0,0,0,1,0,0.159043,0.4625
1488277080,0.4055,-0.39,0,0,0,0,0,0.0159043,0.4939
1488277140,0.3937,0.13,0,0,0,0,0,0.0159043,0.4939
1488277200,0.3558,-0.24,2,2,0,4,0,0.169781342,0.1188
1488277260,0.3472,-0.03,0,0,0,0,0,0.0159043,0.4939
1488277320,0.4282,-0.56,0,0,0,1,0,0.159043,0.4625
1488277380,0.3621,0.04,0,0,0,0,0,0.0159043,0.4939
1488277440,0.3281,-0.07,0,0,0,0,0,0.0159043,0.4939
1488277500,0.3554,0.38,0,0,0,1,0,0.159043,0.4625
1488277560,0.397,-0.41,0,0,0,0,0,0.0159043,0.4939
1488277620,0.3712,-0.27,0,0,0,0,0,0.0159043,0.4939
1488277680,0.3541,0.05,3,0,3,2,1,0.164412171,0.4534
1488277740,0.2961,0.1,0,0,0,0,0,0.0159043,0.4939
1488277800,0.4074,0.61,0,0,0,1,0,0.159043,0.4625
1488277860,0.4183,0.34,0,0,0,0,0,0.0159043,0.4939
1488277920,0.4055,-0.22,0,0,0,1,0,0.159043,0.4625
1488277980,0.3837,-0.15,0,0,0,0,0,0.0159043,0.4939
1488278040,0.3091,0.11,0,0,0,0,0,0.0159043,0.4939
1488278100,0.3194,0.29,0,0,0,0,0,0.0159043,0.4939
1488278160,0.3063,0.25,0,0,0,2,0,0.164412171,0.4625
1488278220,0.3376,0.05,1,0,1,2,0,0.164412171,0.4625
1488278280,0.2918,0.03,0,0,0,0,0,0.0159043,0.4939
1488278340,0.2845,-0.18,0,0,0,1,0,0.159043,0.4625
1488278400,0.263,-0.02,1,0,1,1,1,0.159043,0.4534
1488278460,0.372,-0.55,0,0,0,1,0,0.159043,0.4625
1488278520,0.4046,0.15,0,0,0,0,0,0.0159043,0.4939
1488278580,0.3165,0.11,0,0,0,0,0,0.0159043,0.4939
1488278640,0.3343,-0.33,6,0,6,5,1,0.171509829,0.4534
1488278700,0.3196,-0.16,0,0,0,1,0,0.159043,0.4625
1488278760,0.3398,-0.26,0,0,0,0,0,0.0159043,0.4939
1488278820,0.3098,0.19,0,0,0,0,0,0.0159043,0.4939
1488278880,0.4365,0.6,0,0,0,1,0,0.159043,0.4625
1488278940,0.4077,0.32,0,0,0,0,0,0.0159043,0.4939
1488279000,0.3285,0.07,1,0,1,9,0,0.176062869,0.4625
1488279060,0.3057,0.24,0,0,0,0,0,0.0159043,0.4939
1488279120,0.2472,-0.13,0,0,0,0,0,0.0159043,0.4939
1488279180,0.2481,-0.1,0,0,0,0,0,0.0159043,0.4939
1488279240,0.3054,0.39,0,0,0,0,0,0.0159043,0.4939
1488279300,0.2502,0.06,0,0,0,0,0,0.0159043,0.4939
1488279360,0.2335,-0.06,0,0,0,0,0,0.0159043,0.4939
1488279420,0.299,-0.3,0,1,-1,1,-1,0.159043,0.1188
1488279480,0.3026,0.19,0,0,0,1,0,0.159043,0.4625
1488279540,0.2751,0.16,1,0,1,1,1,0.159043,0.4534
1488279600,0.3301,-0.3,0,0,0,0,0,0.0159043,0.4939
1488279660,0.27,-0.11,0,0,0,0,0,0.0159043,0.4939
1488279720,0.2301,-0.06,0,0,0,0,0,0.0159043,0.4939
1488279780,0.2667,-0.09,0,0,0,0,0,0.0159043,0.4939
1488279840,0.3145,0.33,0,0,0,0,0,0.0159043,0.4939
1488279900,0.2363,0.06,0,0,0,0,0,0.0159043,0.4939
1488279960,0.1909,-0.07,1,0,1,1,1,0.159043,0.4534
1488280020,0.2673,0.35,3,0,3,1,3,0.159043,0.4079
1488280080,0.2482,0.18,0,0,0,0,0,0.0159043,0.4939
1488280140,0.5054,-0.77,0,0,0,0,0,0.0159043,0.4939
1488280200,0.4236,0.04,0,0,0,2,0,0.164412171,0.4625
1488280260,0.3291,-0.01,0,0,0,0,0,0.0159043,0.4939
1488280320,0.2561,0.02,2,0,2,3,0,0.167552935,0.4625
1488280380,0.3174,-0.14,0,0,0,0,0,0.0159043,0.4939
1488280440,0.2649,0.05,0,0,0,0,0,0.0159043,0.4939
1488280500,0.2499,-0.12,2,0,2,1,2,0.159043,0.4079
1488280560,0.25,0.25,1,0,1,1,1,0.159043,0.4534
1488280620,0.26,-0.09,2,0,2,5,0,0.171509829,0.4625
1488280680,0.2533,0.15,0,0,0,0,0,0.0159043,0.4939
1488280740,0.2622,-0.08,0,0,0,0,0,0.0159043,0.4939
1488280800,0.2149,0.01,1,0,1,1,1,0.159043,0.4534
1488280860,0.2132,0.21,1,1,0,1,0,0.159043,0.1188
1488280920,0.2688,0.35,0,0,0,0,0,0.0159043,0.4939
1488280980,0.2392,-0.03,0,0,0,1,0,0.159043,0.4625
1488281040,0.2294,0.03,0,0,0,0,0,0.0159043,0.4939
1488281100,0.3462,-0.54,2,0,2,1,2,0.159043,0.4079
1488281160,0.3275,0.18,0,0,0,1,0,0.159043,0.4625
1488281220,0.3217,-0.16,0,0,0,0,0,0.0159043,0.4939
1488281280,0.3478,0.31,0,0,0,0,0,0.0159043,0.4939
1488281340,0.2919,0.08,2,0,2,1,2,0.159043,0.4079
1488281400,0.298,-0.28,0,0,0,0,0,0.0159043,0.4939
1488281460,0.2653,-0.18,0,0,0,0,0,0.0159043,0.4939
1488281520,0.2968,0.27,0,0,0,0,0,0.0159043,0.4939
1488281580,0.3146,-0.28,0,0,0,1,0,0.159043,0.4625
1488281640,0.2897,-0.15,1,0,1,1,1,0.159043,0.4534
1488281700,0.2831,-0.16,0,0,0,1,0,0.159043,0.4625
1488281760,0.2887,-0.11,0,0,0,0,0,0.0159043,0.4939
1488281820,0.3224,0.38,0,1,-1,3,-1,0.167552935,0.1188
1488281880,0.375,-0.47,0,1,-1,1,-1,0.159043,0.1188
1488281940,0.32,0.14,0,0,0,2,0,0.164412171,0.4625
1488282000,0.2933,-0.16,0,0,0,0,0,0.0159043,0.4939
1488282060,0.2588,-0.16,0,0,0,1,0,0.159043,0.4625
1488282120,0.2259,-0.05,0,0,0,0,0,0.0159043,0.4939
1488282180,0.2039,0.05,0,0,0,0,0,0.0159043,0.4939
1488282240,0.1859,-0.02,2,0,2,3,0,0.167552935,0.4625
1488282300,0.1939,-0.01,2,0,2,1,2,0.159043,0.4079
1488282360,0.2692,0.21,0,0,0,0,0,0.0159043,0.4939
1488282420,0.3362,-0.47,0,0,0,0,0,0.0159043,0.4939
1488282480,0.3108,0.08,0,0,0,1,0,0.159043,0.4625
1488282540,0.3238,0.31,0,0,0,2,0,0.164412171,0.4625
1488282600,0.2859,-0.03,0,0,0,0,0,0.0159043,0.4939
1488282660,0.244,0.11,2,0,2,1,2,0.159043,0.4079
1488282720,0.2627,-0.28,0,0,0,0,0,0.0159043,0.4939
1488282780,0.2785,0.24,0,0,0,0,0,0.0159043,0.4939
1488282840,0.2623,-0.06,0,0,0,0,0,0.0159043,0.4939
1488282900,0.2615,-0.14,3,1,2,2,1,0.164412171,0.1188
1488282960,0.2477,0.07,1,0,1,2,0,0.164412171,0.4625
1488283020,0.2551,0.07,1,1,0,1,0,0.159043,0.1188
1488283080,0.2035,0.07,0,0,0,0,0,0.0159043,0.4939
1488283140,0.2023,-0.17,0,0,0,0,0,0.0159043,0.4939
1488283200,0.2149,-0.24,3,0,3,3,1,0.167552935,0.4534
1488283260,0.2633,-0.33,1,1,0,1,0,0.159043,0.1188
1488283320,0.2189,-0.01,0,0,0,0,0,0.0159043,0.4939
1488283380,0.2893,0.36,0,0,0,1,0,0.159043,0.4625
1488283440,0.2595,-0.11,1,0,1,1,1,0.159043,0.4534
1488283500,0.2197,-0.11,1,0,1,1,1,0.159043,0.4534
1488283560,0.3098,-0.47,0,0,0,1,0,0.159043,0.4625
1488283620,0.6065,-1.06,1,0,1,1,1,0.159043,0.4534
1488283680,0.5476,-0.24,0,0,0,1,0,0.159043,0.4625
1488283740,0.4917,0.06,2,0,2,3,0,0.167552935,0.4625
1488283800,0.3644,0.01,0,0,0,0,0,0.0159043,0.4939
1488283860,0.2963,0,0,0,0,1,0,0.159043,0.4625
1488283920,0.2341,-0.02,0,0,0,2,0,0.164412171,0.4625
1488283980,0.1861,0.04,0,0,0,0,0,0.0159043,0.4939
1488284040,0.2907,-0.5,0,0,0,1,0,0.159043,0.4625
1488284100,0.3038,-0.15,0,0,0,0,0,0.0159043,0.4939
1488284160,0.2892,0.14,0,0,0,1,0,0.159043,0.4625
1488284220,0.3361,-0.39,0,0,0,0,0,0.0159043,0.4939
1488284280,0.3607,0.11,0,0,0,0,0,0.0159043,0.4939
1488284340,0.3538,0.17,0,0,0,0,0,0.0159043,0.4939
1488284400,0.3959,-0.42,2,0,2,1,2,0.159043,0.4079
1488284460,0.5272,-0.72,0,0,0,0,0,0.0159043,0.4939
1488284520,0.4348,-0.24,0,0,0,0,0,0.0159043,0.4939
1488284580,0.4732,-0.29,0,0,0,0,0,0.0159043,0.4939
1488284640,0.7288,-1.12,0,0,0,1,0,0.159043,0.4625
1488284700,0.7559,-0.74,0,0,0,0,0,0.0159043,0.4939
1488284760,0.8673,-0.34,0,0,0,2,0,0.164412171,0.4625
1488284820,0.7782,0.52,0,0,0,0,0,0.0159043,0.4939
1488284880,0.6522,0.21,0,0,0,1,0,0.159043,0.4625
1488284940,0.5414,-0.01,2,0,2,2,1,0.164412171,0.4534
1488285000,0.4509,-0.18,0,0,0,1,0,0.159043,0.4625
1488285060,0.4207,0.15,0,0,0,0,0,0.0159043,0.4939
1488285120,0.4238,0.34,0,1,-1,1,-1,0.159043,0.1188
1488285180,0.3859,0.27,0,0,0,1,0,0.159043,0.4625
1488285240,0.3638,0.18,0,0,0,0,0,0.0159043,0.4939
1488285300,0.4026,-0.25,4,1,3,3,1,0.167552935,0.1188
1488285360,0.3783,-0.31,0,0,0,1,0,0.159043,0.4625
1488285420,0.3089,-0.01,0,1,-1,2,-1,0.164412171,0.1188
1488285480,0.2992,0.23,0,0,0,0,0,0.0159043,0.4939
1488285540,0.3328,-0.3,3,1,2,3,0,0.167552935,0.1188
1488285600,0.3119,0.27,0,0,0,1,0,0.159043,0.4625
1488285660,0.3046,0.25,1,0,1,1,1,0.159043,0.4534
1488285720,0.3831,-0.54,0,0,0,0,0,0.0159043,0.4939
1488285780,0.3454,0.07,0,0,0,1,0,0.159043,0.4625
1488285840,0.287,-0.17,2,0,2,2,1,0.164412171,0.4534
1488285900,0.358,0.34,0,0,0,1,0,0.159043,0.4625
1488285960,0.2954,-0.03,0,0,0,0,0,0.0159043,0.4939
1488286020,0.4736,0.83,0,0,0,1,0,0.159043,0.4625
1488286080,0.4324,0.25,0,0,0,2,0,0.164412171,0.4625
1488286140,0.3116,0.03,0,0,0,1,0,0.159043,0.4625
1488286200,0.2678,-0.16,1,0,1,8,0,0.175150513,0.4625
1488286260,0.3152,0.36,0,0,0,1,0,0.159043,0.4625
1488286320,0.3468,0.35,0,0,0,0,0,0.0159043,0.4939
1488286380,0.2945,0,0,0,0,0,0,0.0159043,0.4939
1488286440,0.2597,0.12,0,0,0,0,0,0.0159043,0.4939
1488286500,0.2865,-0.13,2,0,2,1,2,0.159043,0.4079
1488286560,0.241,-0.13,1,0,1,1,1,0.159043,0.4534
1488286620,0.2307,-0.13,2,0,2,1,2,0.159043,0.4079
1488286680,0.2171,0.16,0,0,0,0,0,0.0159043,0.4939
1488286740,0.188,0.1,0,0,0,0,0,0.0159043,0.4939
1488286800,0.2587,-0.38,0,0,0,0,0,0.0159043,0.4939
1488286860,0.4391,0.79,2,0,2,1,2,0.159043,0.4079
1488286920,0.326,0.08,0,0,0,0,0,0.0159043,0.4939
1488286980,0.3973,0.47,0,1,-1,1,-1,0.159043,0.1188
1488287040,0.3582,-0.17,0,0,0,0,0,0.0159043,0.4939
1488287100,0.3755,0.4,0,0,0,1,0,0.159043,0.4625
1488287160,0.2903,-0.03,0,0,0,0,0,0.0159043,0.4939
1488287220,0.3236,0.18,0,0,0,0,0,0.0159043,0.4939
1488287280,0.3091,-0.18,0,0,0,0,0,0.0159043,0.4939
1488287340,0.2794,0.22,0,0,0,0,0,0.0159043,0.4939
1488287400,0.2063,-0.01,2,0,2,1,2,0.159043,0.4079
1488287460,0.2542,-0.01,0,0,0,0,0,0.0159043,0.4939
1488287520,0.2194,0.1,0,0,0,0,0,0.0159043,0.4939
1488287580,0.303,0.24,0,0,0,0,0,0.0159043,0.4939
1488287640,0.2353,-0.04,0,0,0,0,0,0.0159043,0.4939
1488287700,0.2936,-0.4,0,0,0,0,0,0.0159043,0.4939
1488287760,0.2156,0,0,0,0,3,0,0.167552935,0.4625
1488287820,0.2504,-0.1,0,0,0,0,0,0.0159043,0.4939
1488287880,0.2137,-0.11,1,0,1,1,1,0.159043,0.4534
1488287940,0.2224,0.15,0,0,0,0,0,0.0159043,0.4939
1488288000,0.2316,-0.17,0,0,0,1,0,0.159043,0.4625
1488288060,0.3077,-0.28,1,0,1,2,0,0.164412171,0.4625
1488288120,0.2984,0.23,0,0,0,1,0,0.159043,0.4625
1488288180,0.2856,-0.26,0,0,0,0,0,0.0159043,0.4939
1488288240,0.2204,0.01,0,0,0,0,0,0.0159043,0.4939
1488288300,0.2002,0.14,0,0,0,0,0,0.0159043,0.4939
1488288360,0.1935,-0.18,0,0,0,0,0,0.0159043,0.4939
1488288420,0.1957,-0.2,0,0,0,0,0,0.0159043,0.4939
1488288480,0.1838,-0.06,0,0,0,0,0,0.0159043,0.4939
1488288540,0.1525,0.02,0,0,0,0,0,0.0159043,0.4939
1488288600,0.2216,0.29,0,0,0,0,0,0.0159043,0.4939
1488288660,0.1743,0.02,0,0,0,0,0,0.0159043,0.4939
1488288720,0.1829,-0.13,0,0,0,0,0,0.0159043,0.4939
1488288780,0.1719,0.03,0,0,0,0,0,0.0159043,0.4939
1488288840,0.1846,-0.07,0,0,0,2,0,0.164412171,0.4625
1488288900,0.3197,0.56,0,0,0,2,0,0.164412171,0.4625
1488288960,0.2965,0.25,1,0,1,3,0,0.167552935,0.4625
1488289020,0.321,0.31,0,0,0,0,0,0.0159043,0.4939
1488289080,0.4039,0.55,1,0,1,2,0,0.164412171,0.4625
1488289140,0.3959,-0.29,0,0,0,1,0,0.159043,0.4625
1488289200,0.3339,-0.12,0,0,0,0,0,0.0159043,0.4939
1488289260,0.2926,-0.14,0,0,0,1,0,0.159043,0.4625
1488289320,0.255,-0.01,0,0,0,1,0,0.159043,0.4625
1488289380,0.1967,-0.01,0,0,0,0,0,0.0159043,0.4939
1488289440,0.2511,0.35,0,0,0,1,0,0.159043,0.4625
1488289500,0.2174,-0.05,0,0,0,0,0,0.0159043,0.4939
1488289560,0.3183,-0.45,0,0,0,0,0,0.0159043,0.4939
1488289620,0.2855,0.09,0,0,0,0,0,0.0159043,0.4939
1488289680,0.3336,0.36,0,0,0,0,0,0.0159043,0.4939
1488289740,0.2724,-0.01,0,0,0,0,0,0.0159043,0.4939
1488289800,0.3149,-0.39,2,0,2,7,0,0.174116169,0.4625
1488289860,0.3366,0.27,0,0,0,1,0,0.159043,0.4625
1488289920,0.2577,0.02,2,0,2,1,2,0.159043,0.4079
1488289980,0.2618,-0.22,0,0,0,0,0,0.0159043,0.4939
1488290040,0.3145,0.4,0,0,0,0,0,0.0159043,0.4939
1488290100,0.273,0.11,0,0,0,0,0,0.0159043,0.4939
1488290160,0.3187,-0.37,0,0,0,0,0,0.0159043,0.4939
1488290220,0.2458,-0.08,0,0,0,0,0,0.0159043,0.4939
1488290280,0.2405,0.21,0,0,0,0,0,0.0159043,0.4939
1488290340,0.2303,0.19,0,0,0,0,0,0.0159043,0.4939
1488290400,0.2702,0.21,2,0,2,2,1,0.164412171,0.4534
1488290460,0.2135,-0.08,0,0,0,0,0,0.0159043,0.4939
1488290520,0.2757,-0.29,0,0,0,0,0,0.0159043,0.4939
1488290580,0.2437,0.08,0,0,0,0,0,0.0159043,0.4939
1488290640,0.3658,-0.52,0,0,0,0,0,0.0159043,0.4939
1488290700,0.3172,-0.09,0,0,0,0,0,0.0159043,0.4939
1488290760,0.5314,-0.84,0,0,0,0,0,0.0159043,0.4939
1488290820,0.411,0.01,0,0,0,0,0,0.0159043,0.4939
1488290880,0.374,-0.19,0,0,0,0,0,0.0159043,0.4939
1488290940,0.4194,-0.51,1,1,0,1,0,0.159043,0.1188
1488291000,0.3629,0.17,1,0,1,1,1,0.159043,0.4534
1488291060,0.3087,0.13,0,0,0,1,0,0.159043,0.4625
1488291120,0.3057,-0.24,0,0,0,0,0,0.0159043,0.4939
1488291180,0.3005,-0.06,0,0,0,0,0,0.0159043,0.4939
1488291240,0.3137,-0.33,3,1,2,1,2,0.159043,0.1188
1488291300,0.2991,-0.24,1,0,1,1,1,0.159043,0.4534
1488291360,0.4161,-0.41,0,0,0,0,0,0.0159043,0.4939
1488291420,0.3874,-0.09,0,0,0,0,0,0.0159043,0.4939
1488291480,0.3216,-0.13,0,0,0,1,0,0.159043,0.4625
1488291540,0.4243,0.11,0,3,-3,2,-2,0.164412171,0.1188
1488291600,0.3463,0.06,3,0,3,1,3,0.159043,0.4079
1488291660,0.2976,-0.09,1,3,-2,2,-1,0.164412171,0.1188
1488291720,0.385,0.49,0,0,0,0,0,0.0159043,0.4939
1488291780,0.42,-0.42,0,0,0,0,0,0.0159043,0.4939
1488291840,0.3667,-0.11,0,0,0,0,0,0.0159043,0.4939
1488291900,0.4944,0.74,0,0,0,0,0,0.0159043,0.4939
1488291960,0.4462,0.06,0,0,0,1,0,0.159043,0.4625
1488292020,0.4675,0.43,0,0,0,1,0,0.159043,0.4625
1488292080,0.3883,0.08,0,0,0,1,0,0.159043,0.4625
1488292140,0.3489,0.22,0,0,0,1,0,0.159043,0.4625
1488292200,0.3359,-0.21,1,0,1,2,0,0.164412171,0.4625
1488292260,0.294,-0.05,0,0,0,0,0,0.0159043,0.4939
1488292320,0.296,0.3,0,0,0,1,0,0.159043,0.4625
1488292380,0.2706,0,0,0,0,1,0,0.159043,0.4625
1488292440,0.2205,-0.06,0,0,0,1,0,0.159043,0.4625
1488292500,0.287,-0.31,0,0,0,1,0,0.159043,0.4625
1488292560,0.2813,-0.26,0,0,0,0,0,0.0159043,0.4939
1488292620,0.2542,0.12,0,0,0,0,0,0.0159043,0.4939
1488292680,0.1962,-0.01,0,0,0,1,0,0.159043,0.4625
1488292740,0.1608,0.04,0,0,0,0,0,0.0159043,0.4939
1488292800,0.1872,-0.21,0,0,0,0,0,0.0159043,0.4939
1488292860,0.1848,0.11,0,0,0,0,0,0.0159043,0.4939
1488292920,0.1898,0.07,0,0,0,0,0,0.0159043,0.4939
1488292980,0.2332,0.27,1,0,1,1,1,0.159043,0.4534
1488293040,0.2288,-0.15,2,0,2,3,0,0.167552935,0.4625
1488293100,0.2825,0.36,1,0,1,1,1,0.159043,0.4534
1488293160,0.2383,-0.05,0,0,0,0,0,0.0159043,0.4939
1488293220,0.2588,0.18,0,0,0,0,0,0.0159043,0.4939
1488293280,0.2592,0.12,0,1,-1,2,-1,0.164412171,0.1188
1488293340,0.5428,1.07,2,1,1,2,0,0.164412171,0.1188
1488293400,0.5252,-0.21,3,2,1,12,0,0.178291277,0.1188
1488293460,0.4035,-0.03,0,0,0,0,0,0.0159043,0.4939
1488293520,0.3656,-0.27,0,0,0,0,0,0.0159043,0.4939
1488293580,0.3638,-0.33,0,0,0,0,0,0.0159043,0.4939
1488293640,0.3192,0.14,0,0,0,0,0,0.0159043,0.4939
1488293700,0.2594,0.1,0,0,0,0,0,0.0159043,0.4939
1488293760,0.2229,0.06,0,0,0,1,0,0.159043,0.4625
1488293820,0.2219,0.09,0,0,0,0,0,0.0159043,0.4939
1488293880,0.2313,-0.21,0,0,0,0,0,0.0159043,0.4939
1488293940,0.2209,-0.04,0,0,0,0,0,0.0159043,0.4939
1488294000,0.2907,-0.37,0,0,0,0,0,0.0159043,0.4939
1488294060,0.2805,-0.15,0,1,-1,1,-1,0.159043,0.1188
1488294120,0.2736,-0.02,0,0,0,2,0,0.164412171,0.4625
1488294180,0.3291,0.42,0,0,0,0,0,0.0159043,0.4939
1488294240,0.306,0.16,2,0,2,1,2,0.159043,0.4079
1488294300,0.3306,-0.02,0,0,0,10,0,0.176879,0.4625
1488294360,0.3137,-0.27,2,0,2,3,0,0.167552935,0.4625
1488294420,0.2992,-0.27,0,0,0,2,0,0.164412171,0.4625
1488294480,0.3127,-0.15,1,1,0,1,0,0.159043,0.1188
1488294540,0.2951,0.22,1,0,1,2,0,0.164412171,0.4625
1488294600,0.3867,0.3,2,0,2,1,2,0.159043,0.4079
1488294660,0.3044,0.01,0,0,0,0,0,0.0159043,0.4939
1488294720,0.3995,0.55,0,0,0,2,0,0.164412171,0.4625
1488294780,0.3431,0.09,0,0,0,0,0,0.0159043,0.4939
1488294840,0.3821,0.16,0,0,0,0,0,0.0159043,0.4939
1488294900,0.3813,0.13,0,0,0,0,0,0.0159043,0.4939
1488294960,0.3376,-0.24,2,2,0,8,0,0.175150513,0.1188
1488295020,0.3017,-0.04,0,0,0,1,0,0.159043,0.4625
1488295080,0.2412,-0.1,4,0,4,3,1,0.167552935,0.4534
1488295140,0.3475,0.36,0,0,0,0,0,0.0159043,0.4939
1488295200,0.3016,-0.1,0,0,0,0,0,0.0159043,0.4939
1488295260,0.3145,0.04,1,0,1,1,1,0.159043,0.4534
1488295320,0.463,-0.61,3,0,3,4,0,0.169781342,0.4625
1488295380,0.3987,0.2,0,0,0,0,0,0.0159043,0.4939
1488295440,0.3158,-0.15,0,0,0,0,0,0.0159043,0.4939
1488295500,0.3272,-0.16,0,0,0,1,0,0.159043,0.4625
1488295560,0.3315,-0.33,0,0,0,1,0,0.159043,0.4625
1488295620,0.3444,-0.3,0,0,0,2,0,0.164412171,0.4625
1488295680,0.3662,0.36,0,0,0,0,0,0.0159043,0.4939
1488295740,0.3574,-0.22,0,0,0,1,0,0.159043,0.4625
1488295800,0.3683,-0.3,2,0,2,3,0,0.167552935,0.4625
1488295860,0.3589,-0.06,0,0,0,3,0,0.167552935,0.4625
1488295920,0.336,0.07,4,1,3,4,0,0.169781342,0.1188
1488295980,0.3473,-0.37,0,0,0,0,0,0.0159043,0.4939
1488296040,0.3415,-0.32,0,0,0,0,0,0.0159043,0.4939
1488296100,0.4043,0.51,3,0,3,3,1,0.167552935,0.4534
1488296160,0.6262,0.26,0,0,0,0,0,0.0159043,0.4939
1488296220,0.9775,-1.68,0,0,0,0,0,0.0159043,0.4939
1488296280,0.8683,-0.42,1,0,1,1,1,0.159043,0.4534
1488296340,0.7322,0.15,0,1,-1,1,-1,0.159043,0.1188
1488296400,0.6281,-0.25,0,0,0,0,0,0.0159043,0.4939
1488296460,0.4887,-0.05,1,0,1,2,0,0.164412171,0.4625
1488296520,0.4325,0.23,0,0,0,0,0,0.0159043,0.4939
1488296580,0.5584,0.53,0,0,0,0,0,0.0159043,0.4939
1488296640,0.5022,0.31,1,0,1,4,0,0.169781342,0.4625
1488296700,0.5881,0.76,0,0,0,0,0,0.0159043,0.4939
1488296760,0.6955,0.89,0,0,0,1,0,0.159043,0.4625
1488296820,0.5736,0.04,0,0,0,0,0,0.0159043,0.4939
1488296880,0.4923,-0.07,1,1,0,1,0,0.159043,0.1188
1488296940,0.4416,0.3,2,0,2,1,2,0.159043,0.4079
1488297000,0.5544,0.76,0,0,0,9,0,0.176062869,0.4625
1488297060,0.483,-0.26,0,0,0,0,0,0.0159043,0.4939
1488297120,0.482,0.2,0,0,0,1,0,0.159043,0.4625
1488297180,0.4447,-0.26,0,0,0,0,0,0.0159043,0.4939
1488297240,0.3598,0.1,1,0,1,1,1,0.159043,0.4534
1488297300,0.6231,1.15,0,0,0,1,0,0.159043,0.4625
1488297360,0.5988,0.12,0,0,0,2,0,0.164412171,0.4625
1488297420,0.5558,-0.32,0,0,0,5,0,0.171509829,0.4625
1488297480,0.5806,-0.61,0,0,0,0,0,0.0159043,0.4939
1488297540,0.757,-0.54,0,0,0,0,0,0.0159043,0.4939
1488297600,0.5947,0.21,0,1,-1,1,-1,0.159043,0.1188
1488297660,0.4765,-0.22,0,0,0,0,0,0.0159043,0.4939
1488297720,0.321,0,0,2,-2,2,-1,0.164412171,0.1188
1488297780,0.214,0,0,1,-1,1,-1,0.159043,0.1188
1488297840,0.146,-0.01,0,0,0,0,0,0.0159043,0.4939
1488297900,0.0973,0,0,0,0,0,0,0.0159043,0.4939
1488297960,0.0649,0,0,0,0,0,0,0.0159043,0.4939
1488298020,0.0433,0,0,0,0,0,0,0.0159043,0.4939
1488298080,0.0288,0,0,0,0,1,0,0.159043,0.4625
1488298140,0.0192,0,0,0,0,1,0,0.159043,0.4625
1488298200,0.0128,0,0,0,0,1,0,0.159043,0.4625
1488298260,0.0085,0,0,0,0,0,0,0.0159043,0.4939
1488298320,0.0057,0,2,1,1,3,0,0.167552935,0.1188
1488298380,0.0038,0,0,0,0,0,0,0.0159043,0.4939
1488298440,0.0025,0,1,2,-1,1,-1,0.159043,0.1188
1488360600,6.3117,18.77,1,1,0,6,0,0.172922106,0.1188
1488360660,4.4479,0.59,1,0,1,4,0,0.169781342,0.4625
1488360720,3.3086,-0.87,2,0,2,4,0,0.169781342,0.4625
1488360780,2.4458,0.5,0,0,0,5,0,0.171509829,0.4625
1488360840,1.8639,-0.44,1,0,1,4,0,0.169781342,0.4625
1488360900,1.6593,0.96,0,0,0,6,0,0.172922106,0.4625
1488360960,1.3996,0.57,0,0,0,1,0,0.159043,0.4625
1488361020,1.1931,0.33,1,0,1,6,0,0.172922106,0.4625
1488361080,0.9753,-0.44,0,0,0,2,0,0.164412171,0.4625
1488361140,0.7868,0.23,1,0,1,4,0,0.169781342,0.4625
1488361200,0.7779,-0.38,0,0,0,3,0,0.167552935,0.4625
1488361260,0.632,0.18,0,1,-1,4,-1,0.169781342,0.1188
1488361320,0.6247,-0.33,0,0,0,2,0,0.164412171,0.4625
1488361380,0.5365,-0.15,0,0,0,3,0,0.167552935,0.4625
1488361440,0.5177,-0.44,0,0,0,5,0,0.171509829,0.4625
1488361500,0.5517,0.46,1,0,1,2,0,0.164412171,0.4625
1488361560,0.4445,-0.01,0,0,0,0,0,0.0159043,0.4939
1488361620,0.3797,-0.07,0,0,0,3,0,0.167552935,0.4625
1488361680,0.5398,0.32,8,2,6,7,0,0.174116169,0.1188
1488361740,0.5365,0.16,0,0,0,3,0,0.167552935,0.4625
1488361800,0.6144,0.47,1,0,1,1,1,0.159043,0.4534
1488361860,0.6396,-0.34,1,0,1,3,0,0.167552935,0.4625
1488361920,0.5597,0.13,0,0,0,1,0,0.159043,0.4625
1488361980,0.6065,-0.01,0,0,0,1,0,0.159043,0.4625
1488362040,0.7076,0.56,0,0,0,2,0,0.164412171,0.4625
1488362100,0.6217,0.23,0,0,0,4,0,0.169781342,0.4625
1488362160,0.8845,1.18,0,0,0,1,0,0.159043,0.4625
1488362220,0.7196,-0.01,1,0,1,3,0,0.167552935,0.4625
1488362280,0.6198,0.15,0,0,0,0,0,0.0159043,0.4939
1488362340,0.5465,0.21,0,0,0,2,0,0.164412171,0.4625
1488362400,0.6343,0.61,0,0,0,3,0,0.167552935,0.4625
1488362460,0.6896,0.38,2,0,2,2,1,0.164412171,0.4534
1488362520,0.8664,1.05,0,0,0,1,0,0.159043,0.4625
1488362580,0.7643,0.37,1,0,1,1,1,0.159043,0.4534
1488362640,0.7662,-0.44,1,1,0,6,0,0.172922106,0.1188
1488362700,0.6709,-0.23,0,0,0,0,0,0.0159043,0.4939
1488362760,0.6039,-0.03,1,0,1,2,0,0.164412171,0.4625
1488362820,0.4659,-0.05,0,0,0,2,0,0.164412171,0.4625
1488362880,0.4973,-0.26,1,1,0,2,0,0.164412171,0.1188
1488362940,0.4649,0.12,0,0,0,1,0,0.159043,0.4625
1488363000,0.4499,-0.38,0,0,0,0,0,0.0159043,0.4939
1488363060,0.3933,-0.03,2,1,1,4,0,0.169781342,0.1188
1488363120,0.4088,0.27,1,0,1,4,0,0.169781342,0.4625
1488363180,0.3992,0.07,0,0,0,4,0,0.169781342,0.4625
1488363240,0.5461,0.76,0,0,0,0,0,0.0159043,0.4939
1488363300,0.5008,0.15,2,0,2,4,0,0.169781342,0.4625
1488363360,0.6472,-0.36,2,0,2,2,1,0.164412171,0.4534
1488363420,0.5481,-0.01,0,0,0,2,0,0.164412171,0.4625
1488363480,0.4688,0.02,0,0,0,1,0,0.159043,0.4625
1488363540,0.4725,0.35,0,0,0,1,0,0.159043,0.4625
1488363600,0.5984,0.84,1,0,1,2,0,0.164412171,0.4625
1488363660,0.5723,0,0,0,0,2,0,0.164412171,0.4625
1488363720,0.5448,0.14,0,0,0,3,0,0.167552935,0.4625
1488363780,0.5032,0.16,0,0,0,3,0,0.167552935,0.4625
1488363840,0.4921,-0.33,0,0,0,0,0,0.0159043,0.4939
1488363900,0.4781,-0.45,0,0,0,3,0,0.167552935,0.4625
1488363960,0.4353,0.1,0,0,0,3,0,0.167552935,0.4625
1488364020,0.4903,-0.4,0,0,0,0,0,0.0159043,0.4939
1488364080,0.4401,0.03,2,0,2,1,2,0.159043,0.4079
1488364140,0.4768,0.11,0,0,0,1,0,0.159043,0.4625
1488364200,0.4912,-0.16,2,0,2,3,0,0.167552935,0.4625
1488364260,0.4908,0.23,0,0,0,0,0,0.0159043,0.4939
1488364320,0.4339,0.16,0,0,0,2,0,0.164412171,0.4625
1488364380,0.5825,-0.67,0,0,0,5,0,0.171509829,0.4625
1488364440,0.5084,0.09,0,0,0,1,0,0.159043,0.4625
1488364500,0.4389,0.09,1,0,1,2,0,0.164412171,0.4625
1488364560,0.3826,0.04,0,0,0,3,0,0.167552935,0.4625
1488364620,0.4184,-0.42,0,0,0,2,0,0.164412171,0.4625
1488364680,0.3723,-0.12,1,0,1,1,1,0.159043,0.4534
1488364740,0.4215,-0.49,0,0,0,0,0,0.0159043,0.4939
1488364800,0.531,-0.72,2,1,1,3,0,0.167552935,0.1188
1488364860,0.5274,0.35,0,0,0,1,0,0.159043,0.4625
1488364920,0.4616,0.16,0,0,0,0,0,0.0159043,0.4939
1488364980,0.3811,0.08,0,0,0,1,0,0.159043,0.4625
1488365040,0.4207,-0.48,1,1,0,3,0,0.167552935,0.1188
1488365100,0.4871,0.51,0,0,0,0,0,0.0159043,0.4939
1488365160,0.468,0.41,0,0,0,0,0,0.0159043,0.4939
1488365220,0.392,0.22,0,0,0,1,0,0.159043,0.4625
1488365280,0.3413,0.03,2,0,2,2,1,0.164412171,0.4534
1488365340,0.2976,0,0,0,0,1,0,0.159043,0.4625
1488365400,0.3617,-0.35,0,0,0,0,0,0.0159043,0.4939
1488365460,0.3178,-0.17,0,0,0,0,0,0.0159043,0.4939
1488365520,0.3719,-0.34,0,1,-1,2,-1,0.164412171,0.1188
1488365580,0.3113,0.15,1,0,1,1,1,0.159043,0.4534
1488365640,0.3909,0.23,0,0,0,0,0,0.0159043,0.4939
1488365700,0.4839,0.67,0,0,0,2,0,0.164412171,0.4625
1488365760,0.4093,0.05,0,0,0,1,0,0.159043,0.4625
1488365820,0.3562,-0.08,0,0,0,0,0,0.0159043,0.4939
1488365880,0.3842,0.31,0,0,0,0,0,0.0159043,0.4939
1488365940,0.4627,0.47,0,0,0,3,0,0.167552935,0.4625
1488366000,0.4518,-0.43,0,0,0,1,0,0.159043,0.4625
1488366060,0.4412,0.17,0,0,0,1,0,0.159043,0.4625
1488366120,0.5074,0.26,0,0,0,1,0,0.159043,0.4625
1488366180,0.4083,0.07,2,0,2,6,0,0.172922106,0.4625
1488366240,0.4822,-0.58,0,0,0,3,0,0.167552935,0.4625
1488366300,0.4282,0.27,0,0,0,2,0,0.164412171,0.4625
1488366360,0.4621,0.33,0,0,0,0,0,0.0159043,0.4939
1488366420,0.4214,0.19,0,0,0,0,0,0.0159043,0.4939
1488366480,0.6943,1.17,0,0,0,0,0,0.0159043,0.4939
1488366540,0.8762,0.94,0,0,0,2,0,0.164412171,0.4625
1488366600,0.8308,-0.71,0,0,0,2,0,0.164412171,0.4625
1488366660,0.8939,0.78,0,0,0,0,0,0.0159043,0.4939
1488366720,0.7392,-0.38,0,0,0,2,0,0.164412171,0.4625
1488366780,0.7361,-0.61,0,0,0,0,0,0.0159043,0.4939
1488366840,0.6141,0.03,0,0,0,0,0,0.0159043,0.4939
1488366900,0.506,0.03,0,0,0,0,0,0.0159043,0.4939
1488366960,0.4607,0.18,0,0,0,0,0,0.0159043,0.4939
1488367020,0.5738,0.09,0,0,0,0,0,0.0159043,0.4939
1488367080,0.6659,0.83,0,0,0,2,0,0.164412171,0.4625
1488367140,0.6973,0.34,0,0,0,0,0,0.0159043,0.4939
1488367200,0.5215,0.02,0,0,0,2,0,0.164412171,0.4625
1488367260,0.4677,-0.3,1,1,0,3,0,0.167552935,0.1188
1488367320,0.5952,-0.69,2,0,2,2,1,0.164412171,0.4534
1488367380,0.5901,-0.28,1,0,1,1,1,0.159043,0.4534
1488367440,0.5668,0.23,0,0,0,0,0,0.0159043,0.4939
1488367500,0.5046,0.17,0,0,0,0,0,0.0159043,0.4939
1488367560,0.633,0.65,0,0,0,3,0,0.167552935,0.4625
1488367620,0.5153,-0.04,0,0,0,2,0,0.164412171,0.4625
1488367680,0.4935,0.33,0,0,0,1,0,0.159043,0.4625
1488367740,0.5257,0.43,0,0,0,0,0,0.0159043,0.4939
1488367800,0.5238,-0.32,0,0,0,3,0,0.167552935,0.4625
1488367860,0.5226,0.35,2,0,2,2,1,0.164412171,0.4534
1488367920,0.4417,0.27,0,0,0,0,0,0.0159043,0.4939
1488367980,0.4211,-0.07,2,0,2,1,2,0.159043,0.4079
1488368040,0.374,0.09,0,0,0,0,0,0.0159043,0.4939
1488368100,0.316,-0.12,0,0,0,2,0,0.164412171,0.4625
1488368160,0.3573,-0.33,0,0,0,4,0,0.169781342,0.4625
1488368220,0.3615,-0.26,0,0,0,1,0,0.159043,0.4625
1488368280,0.3676,0.25,0,0,0,0,0,0.0159043,0.4939
1488368340,0.3151,-0.15,0,0,0,2,0,0.164412171,0.4625
1488368400,0.32,0.18,2,2,0,3,0,0.167552935,0.1188
1488368460,0.3367,0.28,0,0,0,0,0,0.0159043,0.4939
1488368520,0.3845,0.28,1,0,1,2,0,0.164412171,0.4625
1488368580,0.3396,0.11,1,0,1,2,0,0.164412171,0.4625
1488368640,0.3565,-0.24,0,0,0,1,0,0.159043,0.4625
1488368700,0.3176,-0.08,1,1,0,1,0,0.159043,0.1188
1488368760,0.3318,-0.29,0,0,0,0,0,0.0159043,0.4939
1488368820,0.3646,0.37,1,2,-1,1,-1,0.159043,0.1188
1488368880,0.3297,-0.04,0,0,0,3,0,0.167552935,0.4625
1488368940,0.3165,-0.02,0,0,0,2,0,0.164412171,0.4625
1488369000,0.331,0.34,0,2,-2,2,-1,0.164412171,0.1188
1488369060,0.484,0.79,0,0,0,0,0,0.0159043,0.4939
1488369120,0.4094,-0.21,0,0,0,0,0,0.0159043,0.4939
1488369180,0.4196,0.24,0,0,0,1,0,0.159043,0.4625
1488369240,0.3664,-0.04,0,0,0,1,0,0.159043,0.4625
1488369300,0.3409,0.1,1,1,0,2,0,0.164412171,0.1188
1488369360,0.3106,0.17,1,0,1,1,1,0.159043,0.4534
1488369420,0.4271,-0.64,1,0,1,1,1,0.159043,0.4534
1488369480,0.3582,-0.08,0,0,0,1,0,0.159043,0.4625
1488369540,0.3188,-0.2,0,0,0,0,0,0.0159043,0.4939
1488369600,0.3792,0.35,3,0,3,4,0,0.169781342,0.4625
1488369660,0.4228,0.47,1,1,0,2,0,0.164412171,0.1188
1488369720,0.5786,0.68,1,0,1,1,1,0.159043,0.4534
1488369780,0.4856,0.18,0,0,0,1,0,0.159043,0.4625
1488369840,0.8571,1.41,1,0,1,1,1,0.159043,0.4534
1488369900,0.9047,0.81,0,0,0,1,0,0.159043,0.4625
1488369960,0.8265,-0.46,1,0,1,2,0,0.164412171,0.4625
1488370020,0.6911,-0.29,0,0,0,0,0,0.0159043,0.4939
1488370080,0.6773,0.62,0,0,0,1,0,0.159043,0.4625
1488370140,0.6316,-0.3,2,0,2,2,1,0.164412171,0.4534
1488370200,0.5143,0.15,2,1,1,1,1,0.159043,0.1188
1488370260,0.5395,0.57,0,0,0,1,0,0.159043,0.4625
1488370320,0.5263,0.43,1,0,1,2,0,0.164412171,0.4625
1488370380,0.5109,-0.45,0,0,0,1,0,0.159043,0.4625
1488370440,0.6305,0.8,0,0,0,0,0,0.0159043,0.4939
1488370500,0.5671,0.36,0,0,0,0,0,0.0159043,0.4939
1488370560,0.9314,-1.57,0,0,0,1,0,0.159043,0.4625
1488370620,0.811,-0.13,0,0,0,1,0,0.159043,0.4625
1488370680,0.644,0.11,0,0,0,0,0,0.0159043,0.4939
1488370740,0.546,0.09,1,0,1,1,1,0.159043,0.4534
1488370800,0.5506,-0.4,0,0,0,0,0,0.0159043,0.4939
1488370860,0.477,0.33,0,0,0,0,0,0.0159043,0.4939
1488370920,0.518,-0.46,0,0,0,1,0,0.159043,0.4625
1488370980,0.6587,0.87,0,0,0,0,0,0.0159043,0.4939
1488371040,0.5358,0.23,0,0,0,0,0,0.0159043,0.4939
1488371100,0.5372,0.49,0,0,0,0,0,0.0159043,0.4939
1488371160,0.4348,0.11,0,0,0,0,0,0.0159043,0.4939
1488371220,0.5399,-0.49,0,0,0,0,0,0.0159043,0.4939
1488371280,0.5466,0.35,0,1,-1,1,-1,0.159043,0.1188
1488371340,0.4245,-0.09,0,1,-1,1,-1,0.159043,0.1188
1488371400,0.433,-0.21,0,0,0,0,0,0.0159043,0.4939
1488371460,0.4119,-0.21,0,0,0,0,0,0.0159043,0.4939
1488371520,0.398,0.03,0,1,-1,2,-1,0.164412171,0.1188
1488371580,0.372,-0.29,0,0,0,1,0,0.159043,0.4625
1488371640,0.338,0.08,0,0,0,1,0,0.159043,0.4625
1488371700,0.302,0.01,2,0,2,2,1,0.164412171,0.4534
1488371760,0.2546,-0.09,0,0,0,0,0,0.0159043,0.4939
1488371820,0.2664,-0.05,2,0,2,2,1,0.164412171,0.4534
1488371880,0.2943,-0.27,0,0,0,0,0,0.0159043,0.4939